<?xml version="1.0" encoding="UTF-8"?>
<con:soapui-project id="e0495fa0-365e-4397-a824-318fb1ba62db" created="3.5.1" activeEnvironment="Default environment" name="REST Project 1" updated="3.5.1 2020-12-09T14:26:21Z" encryptionMode="Not encrypted" xmlns:con="http://eviware.com/soapui/config"><con:settings/><con:interface xsi:type="con:RestService" id="2d770650-b5a8-45ad-b83d-b9d58cb509c1" wadlVersion="http://wadl.dev.java.net/2009/02" name="https://petstore.swagger.io" type="rest" xmlns:xsi="http://www.w3.org/2001/XMLSchema-instance"><con:settings/><con:definitionCache type="TEXT" rootPart=""/><con:endpoints><con:endpoint>https://petstore.swagger.io</con:endpoint></con:endpoints><con:resource name="User" path="/v2/user" id="3c77b6fe-2a2e-4f5f-a30b-5f89ba3d92b9"><con:settings/><con:parameters/><con:method name="User" id="d20f7932-a1ae-44e2-a9b4-675f5d345714" method="POST"><con:settings/><con:parameters/><con:representation type="REQUEST"><con:mediaType>application/json</con:mediaType><con:params/></con:representation><con:representation type="RESPONSE"><con:mediaType>application/json</con:mediaType><con:status>200</con:status><con:params/><con:element xmlns:user="https://petstore.swagger.io/v2/user">user:Response</con:element></con:representation><con:request name="Request 1" id="6a366a3b-2a92-4bc2-895b-b3617b589836" mediaType="application/json" postQueryString="false"><con:settings><con:setting id="com.eviware.soapui.impl.wsdl.WsdlRequest@request-headers">&lt;xml-fragment/></con:setting></con:settings><con:endpoint>https://petstore.swagger.io</con:endpoint><con:request/><con:credentials><con:selectedAuthProfile>No Authorization</con:selectedAuthProfile><con:authType>No Authorization</con:authType></con:credentials><con:jmsConfig JMSDeliveryMode="PERSISTENT"/><con:parameters/></con:request></con:method></con:resource></con:interface><con:interface xsi:type="con:RestService" id="e1e679af-439a-4874-985d-0f212fa2cbc8" wadlVersion="http://wadl.dev.java.net/2009/02" name="https://petstore.swagger.io 1" type="rest" xmlns:xsi="http://www.w3.org/2001/XMLSchema-instance"><con:settings/><con:definitionCache type="TEXT" rootPart=""/><con:endpoints><con:endpoint>https://petstore.swagger.io</con:endpoint></con:endpoints><con:resource name="Login" path="/v2/user/login" id="8788a9d3-b88e-45fa-9c4e-64f1ee00d2f8"><con:settings/><con:parameters/><con:method name="Login" id="2e3d4a0c-f72c-447b-ba2a-e75f9f0b4361" method="GET"><con:settings/><con:parameters><con:parameter required="true"><con:name>username</con:name><con:value>testuser</con:value><con:style>QUERY</con:style><con:default>testuser</con:default><con:path xsi:nil="true"/><con:description xsi:nil="true"/></con:parameter><con:parameter required="true"><con:name>password</con:name><con:value>testuser</con:value><con:style>QUERY</con:style><con:default>testuser</con:default><con:path xsi:nil="true"/><con:description xsi:nil="true"/></con:parameter></con:parameters><con:representation type="RESPONSE"><con:mediaType>application/json</con:mediaType><con:status>200</con:status><con:params/><con:element xmlns:log="https://petstore.swagger.io/v2/user/login">log:Response</con:element></con:representation><con:request name="Request 1" id="f5f79e2a-114e-4449-91d0-1b6d16dd1c7d" mediaType="application/json"><con:settings><con:setting id="com.eviware.soapui.impl.wsdl.WsdlRequest@request-headers">&lt;xml-fragment/></con:setting></con:settings><con:endpoint>https://petstore.swagger.io</con:endpoint><con:request/><con:originalUri>https://petstore.swagger.io/v2/user/login</con:originalUri><con:credentials><con:selectedAuthProfile>No Authorization</con:selectedAuthProfile><con:authType>No Authorization</con:authType></con:credentials><con:jmsConfig JMSDeliveryMode="PERSISTENT"/><con:parameters><con:entry key="password" value="123abc"/><con:entry key="username" value="ramya"/></con:parameters><con:parameterOrder><con:entry>username</con:entry><con:entry>password</con:entry></con:parameterOrder></con:request></con:method></con:resource></con:interface><con:interface xsi:type="con:RestService" id="5a42fe92-2c75-4e29-8553-a2e05d3bc50b" wadlVersion="http://wadl.dev.java.net/2009/02" name="https://petstore.swagger.io 2" type="rest" xmlns:xsi="http://www.w3.org/2001/XMLSchema-instance"><con:settings/><con:definitionCache type="TEXT" rootPart=""/><con:endpoints><con:endpoint>https://petstore.swagger.io</con:endpoint></con:endpoints><con:resource name="Ramya" path="/v2/user/ramya" id="e5ff02e6-00d8-4adf-bc6c-d4dc9f7b7afe"><con:settings/><con:parameters/><con:method name="Ramya" id="bd8d8c88-cd69-41ea-8e9f-668b4b57f7a1" method="GET"><con:settings/><con:parameters/><con:representation type="RESPONSE"><con:mediaType>application/json</con:mediaType><con:status>200</con:status><con:params/><con:element xmlns:ram="https://petstore.swagger.io/v2/user/ramya">ram:Response</con:element></con:representation><con:request name="Request 1" id="a9ec0825-3301-4afb-99cd-48666b97b1e5" mediaType="application/json" postQueryString="false"><con:settings><con:setting id="com.eviware.soapui.impl.wsdl.WsdlRequest@request-headers">&lt;xml-fragment/></con:setting></con:settings><con:endpoint>https://petstore.swagger.io</con:endpoint><con:request/><con:originalUri>https://petstore.swagger.io/v2/user/ramya</con:originalUri><con:credentials><con:selectedAuthProfile>No Authorization</con:selectedAuthProfile><con:authType>No Authorization</con:authType></con:credentials><con:jmsConfig JMSDeliveryMode="PERSISTENT"/><con:parameters/></con:request></con:method></con:resource></con:interface><con:interface xsi:type="con:RestService" id="addc40a0-321b-4123-bd73-5f43e2c42f4c" wadlVersion="http://wadl.dev.java.net/2009/02" name="https://petstore.swagger.io 3" type="rest" xmlns:xsi="http://www.w3.org/2001/XMLSchema-instance"><con:settings/><con:definitionCache type="TEXT" rootPart=""/><con:endpoints><con:endpoint>https://petstore.swagger.io</con:endpoint></con:endpoints><con:resource name="Logout" path="/v2/user/logout" id="602fed86-54b9-4bdf-8262-27dc2f72f9c3"><con:settings/><con:parameters/><con:method name="Logout" id="23aca948-3ba5-45d2-bdae-bd021bfad92f" method="GET"><con:settings/><con:parameters/><con:representation type="RESPONSE"><con:mediaType>application/json</con:mediaType><con:status>200</con:status><con:params/><con:element xmlns:log="https://petstore.swagger.io/v2/user/logout">log:Response</con:element></con:representation><con:request name="Request 1" id="99dbdcc3-e247-4cce-8448-f559811355c5" mediaType="application/json" postQueryString="false"><con:settings><con:setting id="com.eviware.soapui.impl.wsdl.WsdlRequest@request-headers">&lt;xml-fragment/></con:setting></con:settings><con:endpoint>https://petstore.swagger.io</con:endpoint><con:request/><con:originalUri>https://petstore.swagger.io/v2/user/logout</con:originalUri><con:credentials><con:selectedAuthProfile>No Authorization</con:selectedAuthProfile><con:authType>No Authorization</con:authType></con:credentials><con:jmsConfig JMSDeliveryMode="PERSISTENT"/><con:parameters/></con:request></con:method></con:resource></con:interface><con:interface xsi:type="con:RestService" id="9cf2eecb-bd8a-4050-8fc9-3f78fb9cb3a3" wadlVersion="http://wadl.dev.java.net/2009/02" name="https://petstore.swagger.io 4" type="rest" xmlns:xsi="http://www.w3.org/2001/XMLSchema-instance"><con:settings/><con:definitionCache/><con:endpoints><con:endpoint>https://petstore.swagger.io</con:endpoint></con:endpoints><con:resource name="Ramya" path="/v2/user/ramya" id="27b9450f-00d0-4bce-85e7-100bfc6078b1"><con:settings/><con:parameters/><con:method name="Ramya" id="349a9383-c21f-48a2-93bd-0360b400f2e6" method="DELETE"><con:settings/><con:parameters/><con:representation type="REQUEST"><con:mediaType>application/json</con:mediaType><con:params/></con:representation><con:representation type="RESPONSE"><con:mediaType>application/json</con:mediaType><con:status>200</con:status><con:params/><con:element xmlns:ram="https://petstore.swagger.io/v2/user/ramya">ram:Response</con:element></con:representation><con:request name="Request 1" id="56124700-fbc3-4934-b0d2-d01cdeb4231d" mediaType="application/json" postQueryString="false"><con:settings/><con:endpoint>https://petstore.swagger.io</con:endpoint><con:request/><con:credentials><con:selectedAuthProfile>No Authorization</con:selectedAuthProfile><con:authType>No Authorization</con:authType></con:credentials><con:jmsConfig JMSDeliveryMode="PERSISTENT"/><con:parameters/></con:request></con:method></con:resource></con:interface><con:testSuite id="117c3719-d389-43da-b8f5-4321ef6672e5" name="https://petstore.swagger.io TestSuite"><con:settings/><con:savedRecentRuns>1</con:savedRecentRuns><con:runType>SEQUENTIAL</con:runType><con:testCase id="b4a1d65b-bc4a-45b1-9671-680441edb4e8" discardOkResults="false" failOnError="true" failTestCaseOnErrors="true" keepSession="false" name="https://petstore.swagger.io TestCase 1" searchProperties="true" timeout="0"><con:settings><con:setting id="IncludeOverview">true</con:setting><con:setting id="IncludeResults">true</con:setting><con:setting id="FlowLayout">false</con:setting><con:setting id="ErrorDetails">true</con:setting><con:setting id="IncludeCoverage">true</con:setting><con:setting id="GeneratableJUnitReport@Style">Single Page (Print)</con:setting><con:setting id="GeneratableJUnitReport@Folder">C:\Users\VundavalliSaiSriRamy\Desktop\SDET Documents\API Activities\Activity2</con:setting></con:settings><con:savedRecentRuns>1</con:savedRecentRuns><con:testStep type="restrequest" name="user creation" id="5392cfcf-5f9b-4985-8500-08b203207ffc"><con:settings/><con:config service="https://petstore.swagger.io" resourcePath="/v2/user" methodName="User" xsi:type="con:RestRequestStep" xmlns:xsi="http://www.w3.org/2001/XMLSchema-instance"><con:restRequest name="user creation" id="6a366a3b-2a92-4bc2-895b-b3617b589836" mediaType="application/json" postQueryString="false"><con:settings><con:setting id="com.eviware.soapui.impl.wsdl.WsdlRequest@request-headers">&lt;xml-fragment/></con:setting></con:settings><con:endpoint>https://petstore.swagger.io</con:endpoint><con:request>{
	"id" : 0,
	"username" : "ramya",
	"firstName" : "V",
	"lastName" : "R",
	"email" : "sai@gmail.com",
	"password" : "123abc",
	"phone" : "1234567898",
	"userStatus" : 0
}
</con:request><con:originalUri>https://petstore.swagger.io/v2/user</con:originalUri><con:assertion type="Valid HTTP Status Codes" id="a2ca4563-180e-4e9b-a089-0a9c9e5de380" name="Valid HTTP Status Codes"><con:settings/><con:configuration><codes>200</codes></con:configuration></con:assertion><con:credentials><con:selectedAuthProfile>No Authorization</con:selectedAuthProfile><con:authType>No Authorization</con:authType></con:credentials><con:jmsConfig JMSDeliveryMode="PERSISTENT"/><con:parameters/></con:restRequest></con:config></con:testStep><con:testStep type="restrequest" name="Login request" id="c33ac7f4-6d7d-4914-9234-855402f4093a"><con:settings/><con:config service="https://petstore.swagger.io 1" resourcePath="/v2/user/login" methodName="Login" xsi:type="con:RestRequestStep" xmlns:xsi="http://www.w3.org/2001/XMLSchema-instance"><con:restRequest name="Login request" id="f5f79e2a-114e-4449-91d0-1b6d16dd1c7d" mediaType="application/json"><con:settings><con:setting id="com.eviware.soapui.impl.wsdl.WsdlRequest@request-headers">&lt;xml-fragment/></con:setting></con:settings><con:endpoint>https://petstore.swagger.io</con:endpoint><con:request/><con:originalUri>https://petstore.swagger.io/v2/user/login</con:originalUri><con:assertion type="Valid HTTP Status Codes" id="09248cd1-1279-4db3-b06a-cf01e523db3a" name="Valid HTTP Status Codes"><con:settings/><con:configuration><codes>200</codes></con:configuration></con:assertion><con:credentials><con:selectedAuthProfile>No Authorization</con:selectedAuthProfile><con:authType>No Authorization</con:authType></con:credentials><con:jmsConfig JMSDeliveryMode="PERSISTENT"/><con:parameters><con:entry key="password" value="123abc"/><con:entry key="username" value="ramya"/></con:parameters><con:parameterOrder><con:entry>username</con:entry><con:entry>password</con:entry></con:parameterOrder></con:restRequest></con:config></con:testStep><con:testStep type="restrequest" name="Get User Information" id="8ec36391-952d-4cf5-adcf-ce5302909310"><con:settings/><con:config service="https://petstore.swagger.io 2" methodName="Ramya" resourcePath="/v2/user/ramya" xsi:type="con:RestRequestStep" xmlns:xsi="http://www.w3.org/2001/XMLSchema-instance"><con:restRequest name="Get User Information" id="e94aac91-91e2-4da1-8c0b-8eb22af8e3d8" mediaType="application/json"><con:settings><con:setting id="com.eviware.soapui.impl.wsdl.WsdlRequest@request-headers">&lt;xml-fragment/></con:setting></con:settings><con:encoding>UTF-8</con:encoding><con:endpoint>https://petstore.swagger.io</con:endpoint><con:request/><con:originalUri>https://petstore.swagger.io/v2/user/ramya</con:originalUri><con:assertion type="Valid HTTP Status Codes" id="3000ee2f-4f0c-4900-add8-630dcd1946ed" name="Valid HTTP Status Codes"><con:settings/><con:configuration><codes>200</codes></con:configuration></con:assertion><con:credentials><con:selectedAuthProfile>No Authorization</con:selectedAuthProfile><con:authType>No Authorization</con:authType></con:credentials><con:jmsConfig JMSDeliveryMode="PERSISTENT"/><con:parameters/></con:restRequest></con:config></con:testStep><con:testStep type="restrequest" name="Logout" id="8320210a-afed-49c6-b80f-79dcc7bbe418"><con:settings/><con:config service="https://petstore.swagger.io 3" resourcePath="/v2/user/logout" methodName="Logout" xsi:type="con:RestRequestStep" xmlns:xsi="http://www.w3.org/2001/XMLSchema-instance"><con:restRequest name="Logout" id="99dbdcc3-e247-4cce-8448-f559811355c5" mediaType="application/json" postQueryString="false"><con:settings><con:setting id="com.eviware.soapui.impl.wsdl.WsdlRequest@request-headers">&lt;xml-fragment/></con:setting></con:settings><con:endpoint>https://petstore.swagger.io</con:endpoint><con:request/><con:originalUri>https://petstore.swagger.io/v2/user/logout</con:originalUri><con:assertion type="Valid HTTP Status Codes" id="5e3daed6-5e2b-4992-9aa6-935ef29d092b" name="Valid HTTP Status Codes"><con:settings/><con:configuration><codes>200</codes></con:configuration></con:assertion><con:credentials><con:selectedAuthProfile>No Authorization</con:selectedAuthProfile><con:authType>No Authorization</con:authType></con:credentials><con:jmsConfig JMSDeliveryMode="PERSISTENT"/><con:parameters/></con:restRequest></con:config></con:testStep><con:testStep type="restrequest" name="Delete request" id="fdf08d1b-7e96-43bb-94ac-e0cb2a72c453"><con:settings/><con:config service="https://petstore.swagger.io 4" resourcePath="/v2/user/ramya" methodName="Ramya" xsi:type="con:RestRequestStep" xmlns:xsi="http://www.w3.org/2001/XMLSchema-instance"><con:restRequest name="Delete request" id="56124700-fbc3-4934-b0d2-d01cdeb4231d" mediaType="application/json" postQueryString="false"><con:settings><con:setting id="com.eviware.soapui.impl.wsdl.WsdlRequest@request-headers">&lt;xml-fragment/></con:setting></con:settings><con:endpoint>https://petstore.swagger.io</con:endpoint><con:request/><con:originalUri>https://petstore.swagger.io/v2/user/ramya</con:originalUri><con:assertion type="Valid HTTP Status Codes" id="6c47055c-ec75-48c0-9083-1f04c3f1fb2e" name="Valid HTTP Status Codes"><con:settings/><con:configuration><codes>200</codes></con:configuration></con:assertion><con:credentials><con:selectedAuthProfile>No Authorization</con:selectedAuthProfile><con:authType>No Authorization</con:authType></con:credentials><con:jmsConfig JMSDeliveryMode="PERSISTENT"/><con:parameters/></con:restRequest></con:config></con:testStep><con:properties/><con:reportParameters/></con:testCase><con:properties/><con:reportParameters/></con:testSuite><con:savedRecentRuns>1</con:savedRecentRuns><con:requirements/><con:properties/><con:wssContainer/><con:databaseConnectionContainer/><con:jmsConnectionContainer/><con:oAuth2ProfileContainer/><con:oAuth1ProfileContainer/><con:reporting><con:reportTemplates/><con:xmlTemplates/><con:xmlTemplates/><con:parameters/><con:parameters/></con:reporting><con:reporting/><con:eventHandlers type="RequestFilter.filterRequest" name="RequestFilter.filterRequest"><con:script>// Sample event script to add custom HTTP header to all outgoing REST, SOAP and HTTP(S) calls
// This code is often used for adding custom authentication to ReadyAPI functional tests

// If hardcoding the token, uncomment and change line 5
// token = '4567'

// If your token is parameterized in Project level custom property, uncomment line 8
// token = request.parent.testCase.testSuite.project.getProperty('auth_token').getValue()

// To modify all outgoing calls, remove comments from lines 11 to 16
// headers = request.requestHeaders
// if (headers.containsKey('auth_token2') == false) {
//   headers.put('auth_token2', token)
//   request.requestHeaders = headers
// }</con:script></con:eventHandlers><con:eventHandlers type="TestRunListener.afterStep" name="TestRunListener.afterStep"><con:script>// Save all test step results into files
// Change the directory path in line 5 to a location where you want to store details
// then uncomment lines 5 to 10

// filePath = 'C:\\tempOutputDirectory\\'
// fos = new java.io.FileOutputStream(filePath + testStepResult.testStep.label + '.txt', true)
// pw = new java.io.PrintWriter(fos)
// testStepResult.writeTo(pw)
// pw.close()
// fos.close()</con:script></con:eventHandlers><con:authRepository/><con:tags/></con:soapui-project>